cust_id,surname,name,mail,phone,firm_name,branch,job,C++,Java,Matlab,Python,R,Simulink,Adresse,postcode,city,departement_number,departement,region
0,MEYER,Gilles,gilles.meyer@boite_0.com,0644182046,boite_0,Mecanique,Ingénieur conception mécanique,0,0,1,0,0,1,7 RUE DU CHATEAU,94000,CRETEIL,94.0,Val-de-Marne,Ile-de-France
1,ANDRE,Laura,laura.andre@boite_1.com,0610304445,boite_1,Aéronautique,Ingénieur en informatique,1,1,0,1,0,0,6 ALLEE DU MAIL,78340,LES CLAYES SOUS BOIS,78.0,Yvelines,Ile-de-France
2,ARNAUD,David,david.arnaud@boite_2.com,0641561453,boite_2,Mecanique,Ingénieur d'étude,0,1,1,0,0,0,15 PLACE PAUL BERT,64100,BAYONNE,64.0,Pyrénées-Atlantiques,Aquitaine-Limousin-Poitou-Charentes
3,LEGRAND,Franck,franck.legrand@boite_3.com,0607771516,boite_3,Mecanique,Ingénieur d'étude,0,1,1,0,0,0,zone industrielle la Blauderie La Flocelliere,85700,SEVREMONT,85.0,Vendée,Pays-de-la-Loire
4,MEUNIER,Emmanuel,emmanuel.meunier@boite_4.com,0656620672,boite_4,Mecanique,Ingénieur d'étude,0,1,1,0,0,0,AVENUE DE LA PAIX,41700,CONTRES,41.0,Loir-et-Cher,Centre-Val de Loire
5,OLIVIER,Laurent,laurent.olivier@boite_5.com,0651631887,boite_5,Mecanique,Ingénieur conception mécanique,0,0,1,0,0,1,345 ROUTE DE GRENOBLE,38830,CRETS EN BELLEDONNE,38.0,Isère,Auvergne-Rhône-Alpes
6,GAILLARD,Celine,celine.gaillard@boite_6.com,0601480150,boite_6,Aeronautique,Ingénieur d'étude,0,1,0,1,0,0,LA LIGERIE,16320,GARDES LE PONTAROUX,16.0,Charente,Aquitaine-Limousin-Poitou-Charentes
7,ROBIN,Patricia,patricia.robin@boite_7.com,0652777682,boite_7,Pharma,Biostatisticien,0,0,0,1,1,0,762 RUE NATIONALE,69400,VILLEFRANCHE SUR SAONE,69.0,Rhône,Auvergne-Rhône-Alpes
8,RENARD,Sandrine,sandrine.renard@boite_8.com,0676448306,boite_8,Mecanique,Ingénieur conception mécanique,0,0,1,0,0,1,47 RUE JULES BARAT,33470,GUJAN MESTRAS,33.0,Gironde,Aquitaine-Limousin-Poitou-Charentes
9,FERNANDES,Benoit,benoit.fernandes@boite_9.com,0676102635,boite_9,Aeronautique,Ingénieur d'étude,0,1,0,1,0,0,10 ROND POINT DE LA CORBINERIE,44400,REZE,44.0,Loire-Atlantique,Pays-de-la-Loire
10,PEREIRA,Christophe,christophe.pereira@boite_10.com,0677440813,boite_10,Pharma,Ingénieur en informatique,1,1,0,1,0,0,223 ROUTE DE VIENNE,69008,LYON,69.0,Rhône,Auvergne-Rhône-Alpes
11,DUPONT,Guillaume,guillaume.dupont@boite_11.com,0676300728,boite_11,Mecanique,Ingénieur conception mécanique,0,0,1,0,0,1,38 RUE MAURICE BERNARD,93700,DRANCY,93.0,Seine-St-Denis,Ile-de-France
12,BERNARD,Dominique,dominique.bernard@boite_12.com,0673060365,boite_12,Aéronautique,Ingénieur en informatique,1,1,0,1,0,0,58 T AVENUE JOLIOT CURIE,44500,LA BAULE,44.0,Loire-Atlantique,Pays-de-la-Loire
13,PEREZ,Christelle,christelle.perez@boite_13.com,0667142362,boite_13,Mecanique,Ingénieur d'étude,0,1,1,0,0,0,3 RUE DES FAUX ROIS,94380.0,BONNEUIL SUR MARNE,94.0,Val-de-Marne,Ile-de-France
14,ARNAUD,Marion,marion.arnaud@boite_14.com,0603115645,boite_14,Mecanique,Ingénieur conception mécanique,0,0,1,1,0,1,237 CHEMIN DES SABLES,01600,REYRIEUX,1.0,Ain,Auvergne-Rhône-Alpes
15,PAYET,Aurore,aurore.payet@boite_15.com,0615172040,boite_15,Aeronautique,Ingénieur d'étude,0,1,0,1,0,0,17 BOULEVARD DE L EUROPE,13127,VITROLLES,13.0,Bouches du Rhône,Provence-Alpes-Côte d'Azur
16,MARIE,Camille,camille.marie@boite_16.com,0678385411,boite_16,Mecanique,Ingénieur conception mécanique,0,0,1,0,0,1,18 RUE JEAN ITEY,33310,LORMONT,33.0,Gironde,Aquitaine-Limousin-Poitou-Charentes
17,DENIS,Laura,laura.denis@boite_17.com,0622673411,boite_17,Pharma,Biostatisticien,0,0,0,1,1,0,68 ALLEE DE LA CLAIRIERE,76160,ST MARTIN DU VIVIER,76.0,Seine-Maritime,Normandie
18,GUERIN,Laurent,laurent.guerin@boite_18.com,0656071107,boite_18,Pharma,Ingénieur en informatique,1,1,0,1,0,0,PERNICAGGIO,20167,SARROLA CARCOPINO,20.0,Corse du Sud,Corse
19,PEREZ,Benjamin,benjamin.perez@boite_19.com,0618034616,boite_19,Aeronautique,Ingénieur d'étude,0,1,0,1,0,0,42 RUE DES FAUVETTES,31240,L UNION,31.0,Haute-Garonne,Languedoc-Roussillon-Midi-Pyrénées
20,BERNARD,Alexandra,alexandra.bernard@boite_20.com,0657382122,boite_20,Mecanique,Ingénieur conception mécanique,0,0,1,1,0,1,4 RUE DES POMMIERS,27200,VERNON,27.0,Eure,Normandie
21,BLANCHARD,Sébastien,sebastien.blanchard@boite_21.com,0607581506,boite_21,Aéronautique,Ingénieur en informatique,1,1,0,1,0,0,2297 ROUTE NATIONALE,59173,EBBLINGHEM,59.0,Nord,Nord-Pas-de-Calais-Picardie
22,GARNIER,Anne,anne.garnier@boite_22.com,0667164332,boite_22,Aeronautique,Ingénieur d'étude,0,1,0,1,0,0,1 PLACE PASTEUR,77320,LA FERTE GAUCHER,77.0,Seine-et-Marne,Ile-de-France
23,MOREAU,Anthony,anthony.moreau@boite_23.com,0683224170,boite_23,Pharma,Ingénieur en informatique,1,1,0,1,0,0,15 RUE DE LA BEDENNERIE,53200,COUDRAY,53.0,Mayenne,Pays-de-la-Loire
24,GAUTIER,Anthony,anthony.gautier@boite_24.com,0625632303,boite_24,Aéronautique,Ingénieur en informatique,1,1,0,1,0,0,5 CHEMIN DU FORT THAON,06300,NICE,6.0,Alpes-Maritimes,Provence-Alpes-Côte d'Azur
25,BONNET,Emilie,emilie.bonnet@boite_25.com,0603008417,boite_25,Aeronautique,Ingénieur d'étude,0,1,0,1,0,0,RUE DU MOULIN,58110,ROUY,58.0,Nièvre,Bourgogne-Franche-Comté
26,MORIN,Julie,julie.morin@boite_26.com,0657221877,boite_26,Aeronautique,Ingénieur d'étude,0,0,0,1,0,0,6 AVENUE DES CHUTES LAVIE,13004,MARSEILLE,13.0,Bouches du Rhône,Provence-Alpes-Côte d'Azur
27,DA SILVA,Benjamin,benjamin.dasilva@boite_27.com,0667786612,boite_27,Aeronautique,Ingénieur d'étude,0,0,0,1,0,0,39 RUE DES COMPAGNONS,14000,CAEN,14.0,Calvados,Normandie
28,ANDRE,Stéphanie,stephanie.andre@boite_28.com,0668507116,boite_28,Aeronautique,Ingénieur d'étude,0,0,0,1,0,0,11 GRANDE RUE,55500,GIVRAUVAL,55.0,Meuse,Alsace-Champagne-Ardenne-Lorraine
29,LEMAIRE,Emilie,emilie.lemaire@boite_29.com,0672108588,boite_29,Pharma,Ingénieur en informatique,1,1,0,1,0,0,157 ALLEE I ET FREDERIC JOLIOT CURIE,76410,CLEON,76.0,Seine-Maritime,Normandie
30,ROBIN,Sandrine,sandrine.robin@boite_30.com,0648631477,boite_30,Mecanique,Ingénieur conception mécanique,0,0,1,0,0,1,10 RUE HENRI CHEVREAU,75020,PARIS,75.0,Paris,Ile-de-France
31,DAVID,Christophe,christophe.david@boite_31.com,0628610436,boite_31,Mecanique,Ingénieur conception mécanique,0,0,1,0,0,1,1577 CHEMIN DES VAUSSIERS,83740,LA CADIERE D AZUR,83.0,Var,Provence-Alpes-Côte d'Azur
32,LOPEZ,Damien,damien.lopez@boite_32.com,0601750224,boite_32,Aéronautique,Ingénieur en informatique,1,1,0,1,0,0,7 RUE DU PERIGORD,91300,MASSY,91.0,Essonne,Ile-de-France
33,HENRY,Stephane,stephane.henry@boite_33.com,0663817425,boite_33,Mecanique,Ingénieur conception mécanique,0,0,1,0,0,1,28 RUE FONTAINE,93200,ST DENIS,93.0,Seine-St-Denis,Ile-de-France
34,ROGER,Claire,claire.roger@boite_34.com,0677605480,boite_34,Pharma,Biostatisticien,0,0,0,1,1,0,13 RUE DE LA SAUVAIE,35000,RENNES,35.0,Ille-et-Vilaine,Bretagne
35,MICHEL,Angélique,angelique.michel@boite_35.com,0668610038,boite_35,Mecanique,Ingénieur conception mécanique,0,0,1,1,0,1,65 RUE RAYNOUARD,75016,PARIS,75.0,Paris,Ile-de-France
36,DUPONT,Sabrina,sabrina.dupont@boite_36.com,0632266321,boite_36,Mecanique,Ingénieur conception mécanique,0,0,1,1,0,1,5 RUE PASTEUR,17100,SAINTES,17.0,Charente Maritime,Aquitaine-Limousin-Poitou-Charentes
37,BERNARD,Amandine,amandine.bernard@boite_37.com,0646806056,boite_37,Mecanique,Ingénieur d'étude,0,1,1,0,0,0,98 GRANDE RUE,61000,ALENCON,61.0,Orne,Normandie
38,BONNET,Florian,florian.bonnet@boite_38.com,0670888303,boite_38,Aeronautique,Ingénieur d'étude,0,0,0,1,0,0,637 AVENUE MAL DE LATTRE DE TASSIGNY,34400,LUNEL,34.0,Hérault,Languedoc-Roussillon-Midi-Pyrénées
39,BERTRAND,Aurore,aurore.bertrand@boite_39.com,0682284475,boite_39,Aéronautique,Ingénieur en informatique,1,1,0,1,0,0,684 ROUTE DE CASSIS,13830,ROQUEFORT LA BEDOULE,13.0,Bouches du Rhône,Provence-Alpes-Côte d'Azur
40,ROBIN,Celine,celine.robin@boite_40.com,0664005504,boite_40,Pharma,Ingénieur en informatique,1,1,0,1,0,0,19 RUE DU CHENE TETARD,85480,BOURNEZEAU,85.0,Vendée,Pays-de-la-Loire
41,DOS SANTOS,Christophe,christophe.dossantos@boite_41.com,0658337206,boite_41,Pharma,Ingénieur en informatique,1,1,0,1,0,0,37 RUE D AMSTERDAM,75008,PARIS,75.0,Paris,Ile-de-France
42,GARCIA,Laurence,laurence.garcia@boite_42.com,0603123061,boite_42,Aeronautique,Ingénieur d'étude,0,0,0,1,0,0,13 AVENUE DE BELLE ILE,93220,GAGNY,93.0,Seine-St-Denis,Ile-de-France
43,ARNAUD,Anne,anne.arnaud@boite_43.com,0636156556,boite_43,Aeronautique,Ingénieur d'étude,0,0,0,1,0,0,ROUTE DE PORT SAINT LOUIS,13200,ARLES,13.0,Bouches du Rhône,Provence-Alpes-Côte d'Azur
44,DUMONT,Quentin,quentin.dumont@boite_44.com,0628757768,boite_44,Pharma,Ingénieur en informatique,1,1,0,1,0,0,9 RUE DE WAGRAM,72000,LE MANS,72.0,Sarthe,Pays-de-la-Loire
45,LEFEVRE,Pierre,pierre.lefevre@boite_45.com,0657231682,boite_45,Pharma,Ingénieur en informatique,1,1,0,1,0,0,4 RUE NICOLAS SADI CARNOT,29170,ST EVARZEC,29.0,Finistère,Bretagne
46,FAURE,Christine,christine.faure@boite_46.com,0605202188,boite_46,Aéronautique,Ingénieur en informatique,1,1,0,1,0,0,77 BOULEVARD VIRGILE BAREL,06300,NICE,6.0,Alpes-Maritimes,Provence-Alpes-Côte d'Azur
47,RENARD,Frederic,frederic.renard@boite_47.com,0621351448,boite_47,Aeronautique,Ingénieur d'étude,0,0,0,1,0,0,75 RUE DU PORT BOYER,44300,NANTES,44.0,Loire-Atlantique,Pays-de-la-Loire
48,DAVID,Céline,celine.david@boite_48.com,0670755086,boite_48,Mecanique,Ingénieur conception mécanique,0,0,1,0,0,1,3 RUE PAUL BERT,76210,BOLBEC,76.0,Seine-Maritime,Normandie
49,MARTINEZ,Sylvain,sylvain.martinez@boite_49.com,0652248265,boite_49,Mecanique,Ingénieur conception mécanique,0,0,1,0,0,1,CHEZ GUILLOUCHE,56220.0,CADEN,56.0,Morbihan,Bretagne
50,ROUSSEL,Patrick,patrick.roussel@boite_50.com,0632865076,boite_50,Pharma,Biostatisticien,0,0,0,1,1,0,10 RUE CESAR FRANCK,75015,PARIS,75.0,Paris,Ile-de-France
51,PIERRE,Sylvain,sylvain.pierre@boite_51.com,0626637153,boite_51,Aéronautique,Ingénieur en informatique,1,1,0,1,0,0,139 RUE LA FAYETTE,75010,PARIS,75.0,Paris,Ile-de-France
52,LEFEBVRE,Thierry,thierry.lefebvre@boite_52.com,0603784127,boite_52,Pharma,Biostatisticien,0,0,0,1,1,0,1 A RUE RODOLPHE POLLAK,13001,MARSEILLE,13.0,Bouches du Rhône,Provence-Alpes-Côte d'Azur
53,LEROUX,Ludovic,ludovic.leroux@boite_53.com,0683301812,boite_53,Aeronautique,Ingénieur d'étude,0,1,0,1,0,0,278 RUE DE ROSNY,93100,MONTREUIL,93.0,Seine-St-Denis,Ile-de-France
54,SCHMITT,Vincent,vincent.schmitt@boite_54.com,0656518643,boite_54,Mecanique,Ingénieur conception mécanique,0,0,1,1,0,1,1 AVENUE AUGUSTE VEROLA,6200.0,NICE,6.0,Alpes-Maritimes,Provence-Alpes-Côte d'Azur
55,ROUSSEAU,Caroline,caroline.rousseau@boite_55.com,0664862518,boite_55,Mecanique,Ingénieur d'étude,0,1,1,0,0,0,5 RUE DU PLOUICH,93200,ST DENIS,93.0,Seine-St-Denis,Ile-de-France
56,NOEL,Franck,franck.noel@boite_56.com,0662185428,boite_56,Pharma,Biostatisticien,0,0,0,1,1,0,52 ROUTE DE LA TROCHE,78490,GROSROUVRE,78.0,Yvelines,Ile-de-France
57,VINCENT,Arnaud,arnaud.vincent@boite_57.com,0614526374,boite_57,Mecanique,Ingénieur conception mécanique,0,0,1,0,0,1,6 RUE LEGRAVEREND,75012.0,PARIS,75.0,Paris,Ile-de-France
58,THOMAS,Guillaume,guillaume.thomas@boite_58.com,0673275277,boite_58,Aeronautique,Ingénieur d'étude,0,1,0,1,0,0,31 RUE LEPIC,75018.0,PARIS,75.0,Paris,Ile-de-France
59,LEROY,Benoit,benoit.leroy@boite_59.com,0607111144,boite_59,Pharma,Ingénieur en informatique,1,1,0,1,0,0,25 RUE D HAUTPOUL,75019,PARIS,75.0,Paris,Ile-de-France
60,MORIN,Veronique,veronique.morin@boite_60.com,0676055470,boite_60,Aeronautique,Ingénieur d'étude,0,0,0,1,0,0,1 ROUTE DE GISY,91570,BIEVRES,91.0,Essonne,Ile-de-France
61,LEMOINE,Isabelle,isabelle.lemoine@boite_61.com,0675257344,boite_61,Mecanique,Ingénieur conception mécanique,0,0,1,0,0,1,118 RUE HENRI BARBUSSE,93300,AUBERVILLIERS,93.0,Seine-St-Denis,Ile-de-France
62,DOS SANTOS,Aurore,aurore.dossantos@boite_62.com,0628141888,boite_62,Aeronautique,Ingénieur d'étude,0,0,0,1,0,0,322 ROUTE DU VELY,74300,MAGLAND,74.0,Haute-Savoie,Auvergne-Rhône-Alpes
63,ROBIN,Anthony,anthony.robin@boite_63.com,0638653832,boite_63,Pharma,Biostatisticien,0,0,0,1,1,0,22 AVENUE EDOUARD HERRIOT,71000,MACON,71.0,Saône-et-Loire,Bourgogne-Franche-Comté
64,MOREL,Benoit,benoit.morel@boite_64.com,0655286230,boite_64,Aeronautique,Ingénieur d'étude,0,0,0,1,0,0,25 AVENUE DU 8 MAI 1945,69120,VAULX EN VELIN,69.0,Rhône,Auvergne-Rhône-Alpes
65,SCHMITT,Florian,florian.schmitt@boite_65.com,0614184670,boite_65,Pharma,Biostatisticien,0,0,0,1,1,0,CATERAGGIO,20270,ALERIA,20.0,Corse du Sud,Corse
66,MARTINEZ,Florian,florian.martinez@boite_66.com,0674403544,boite_66,Aéronautique,Ingénieur en informatique,1,1,0,1,0,0,20 RUE DES JACOBINS,14000,CAEN,14.0,Calvados,Normandie
67,MOREL,Christine,christine.morel@boite_67.com,0625758713,boite_67,Mecanique,Ingénieur d'étude,0,1,1,0,0,0,8 IMPASSE NICOLAS CHRISPEELS,78800,HOUILLES,78.0,Yvelines,Ile-de-France
68,COLIN,Stephane,stephane.colin@boite_68.com,0618715853,boite_68,Pharma,Biostatisticien,0,0,0,1,1,0,14 RUE DE LA FORET,93160,NOISY LE GRAND,93.0,Seine-St-Denis,Ile-de-France
69,LEMOINE,Emilie,emilie.lemoine@boite_69.com,0637505016,boite_69,Aeronautique,Ingénieur d'étude,0,0,0,1,0,0,360 AVENUE VICTOR HUGO,26000,VALENCE,26.0,Drôme,Auvergne-Rhône-Alpes
70,SIMON,Laetitia,laetitia.simon@boite_70.com,0638422228,boite_70,Pharma,Biostatisticien,0,0,0,1,1,0,AVENUE GEORGES POMPIDOU,24750,TRELISSAC,24.0,Dordogne,Aquitaine-Limousin-Poitou-Charentes
71,MOREAU,Delphine,delphine.moreau@boite_71.com,0686137647,boite_71,Mecanique,Ingénieur conception mécanique,0,0,1,1,0,1,1 PLACE DES CHAMPIAUX,63720,ENNEZAT,63.0,Puy-de-Dôme,Auvergne-Rhône-Alpes
72,SCHMITT,Eric,eric.schmitt@boite_72.com,0635362020,boite_72,Pharma,Ingénieur en informatique,1,1,0,1,0,0,6 PARC DES FONTENELLES,78870,BAILLY,78.0,Yvelines,Ile-de-France
73,RICHARD,Frédéric,frederic.richard@boite_73.com,0656628833,boite_73,Mecanique,Ingénieur conception mécanique,0,0,1,0,0,1,1 RUE DU GUESCLIN,44000,NANTES,44.0,Loire-Atlantique,Pays-de-la-Loire
74,RENARD,Jonathan,jonathan.renard@boite_74.com,0610110657,boite_74,Aeronautique,Ingénieur d'étude,0,0,0,1,0,0,20 PLACE DU MARCHIX,22100,DINAN,22.0,Côtes d'Armor,Bretagne
75,BOYER,Virginie,virginie.boyer@boite_75.com,0665584576,boite_75,Aéronautique,Ingénieur en informatique,1,1,0,1,0,0,30 RUE LAZARE CARNOT,34200.0,SETE,34.0,Hérault,Languedoc-Roussillon-Midi-Pyrénées
76,LEMOINE,Emmanuel,emmanuel.lemoine@boite_76.com,0667375871,boite_76,Aeronautique,Ingénieur d'étude,0,1,0,1,0,0,24 RUE DE GROUSSAY,78120,RAMBOUILLET,78.0,Yvelines,Ile-de-France
77,RODRIGUEZ,Mélanie,melanie.rodriguez@boite_77.com,0615106000,boite_77,Mecanique,Ingénieur conception mécanique,0,0,1,1,0,1,1 RUE DE LA CHATAIGNERAIE,35170,BRUZ,35.0,Ille-et-Vilaine,Bretagne
78,GIRARD,Christelle,christelle.girard@boite_78.com,0635087356,boite_78,Pharma,Ingénieur en informatique,1,1,0,1,0,0,RUE CANTELAUDETTE,33310,LORMONT,33.0,Gironde,Aquitaine-Limousin-Poitou-Charentes
79,LAURENT,Jérôme,jerome.laurent@boite_79.com,0686371134,boite_79,Pharma,Biostatisticien,0,0,0,1,1,0,CAJARC,31290,MAUREMONT,31.0,Haute-Garonne,Languedoc-Roussillon-Midi-Pyrénées
80,NICOLAS,Maxime,maxime.nicolas@boite_80.com,0602137011,boite_80,Mecanique,Ingénieur conception mécanique,0,0,1,0,0,1,86 AVENUE DE PARIS,94800,VILLEJUIF,94.0,Val-de-Marne,Ile-de-France
81,MARIE,Ludovic,ludovic.marie@boite_81.com,0650286757,boite_81,Aeronautique,Ingénieur d'étude,0,0,0,1,0,0,1 RUE ROBERT HOUDIN,75011,PARIS,75.0,Paris,Ile-de-France
82,ROUSSEAU,Franck,franck.rousseau@boite_82.com,0641766887,boite_82,Aeronautique,Ingénieur d'étude,0,1,0,1,0,0,891 AVENUE PIERRE BROSSOLETTE,83300,DRAGUIGNAN,83.0,Var,Provence-Alpes-Côte d'Azur
83,RIVIERE,Bruno,bruno.riviere@boite_83.com,0687444045,boite_83,Pharma,Ingénieur en informatique,1,1,0,1,0,0,130 CHEMIN DU PONT BLANC,84270,VEDENE,84.0,Vaucluse,Provence-Alpes-Côte d'Azur
84,MARCHAND,Amandine,amandine.marchand@boite_84.com,0675676132,boite_84,Pharma,Biostatisticien,0,0,0,1,1,0,4 B RUE DU NORD,92160,ANTONY,92.0,Hauts-de-Seine,Ile-de-France
85,MARTINEZ,Veronique,veronique.martinez@boite_85.com,0666042081,boite_85,Mecanique,Ingénieur conception mécanique,0,0,1,0,0,1,30 TRAVERSE DES CADES,06370,MOUANS SARTOUX,6.0,Alpes-Maritimes,Provence-Alpes-Côte d'Azur
86,GERARD,Marie,marie.gerard@boite_86.com,0654023857,boite_86,Mecanique,Ingénieur conception mécanique,0,0,1,1,0,1,350 ROUTE DU TILLEUL,69270,CAILLOUX SUR FONTAINES,69.0,Rhône,Auvergne-Rhône-Alpes
87,HENRY,Karine,karine.henry@boite_87.com,0642135368,boite_87,Mecanique,Ingénieur d'étude,0,1,1,0,0,0,32-34 Rue Nicephore Niepce,33510,ANDERNOS LES BAINS,33.0,Gironde,Aquitaine-Limousin-Poitou-Charentes
88,PERRIN,Frédéric,frederic.perrin@boite_88.com,0612248506,boite_88,Aeronautique,Ingénieur d'étude,0,0,0,1,0,0,88 AVENUE MARECHAL GALLIENI,06400,CANNES,6.0,Alpes-Maritimes,Provence-Alpes-Côte d'Azur
89,FERREIRA,Laura,laura.ferreira@boite_89.com,0653413400,boite_89,Aéronautique,Ingénieur en informatique,1,1,0,1,0,0,426 CHEMIN DE LA MONTAGNE,84110,FAUCON,84.0,Vaucluse,Provence-Alpes-Côte d'Azur
90,BRUNET,Jérôme,jerome.brunet@boite_90.com,0614235633,boite_90,Pharma,Biostatisticien,0,0,0,1,1,0,157 BOULEVARD MACDONALD,75019,PARIS,75.0,Paris,Ile-de-France
91,DENIS,Stephanie,stephanie.denis@boite_91.com,0675748674,boite_91,Aeronautique,Ingénieur d'étude,0,0,0,1,0,0,31 RUE DU BOURG HERCENT,53000.0,LAVAL,53.0,Mayenne,Pays-de-la-Loire
92,GAUTIER,Stephane,stephane.gautier@boite_92.com,0630264033,boite_92,Pharma,Biostatisticien,0,0,0,1,1,0,1 B RUE CARNOT,07200,AUBENAS,7.0,Ardèche,Auvergne-Rhône-Alpes
93,BOYER,Stephanie,stephanie.boyer@boite_93.com,0626662101,boite_93,Aeronautique,Ingénieur d'étude,0,0,0,1,0,0,86 AVENUE RAOUL DUFY,06200,NICE,6.0,Alpes-Maritimes,Provence-Alpes-Côte d'Azur
94,GIRARD,Audrey,audrey.girard@boite_94.com,0634815536,boite_94,Mecanique,Ingénieur conception mécanique,0,0,1,1,0,1,1 Impasse des Roseaux,74570,EVIRES,74.0,Haute-Savoie,Auvergne-Rhône-Alpes
95,GUERIN,Claire,claire.guerin@boite_95.com,0667367176,boite_95,Pharma,Ingénieur en informatique,1,1,0,1,0,0,98 RUE DU CLOCHER,84450,JONQUERETTES,84.0,Vaucluse,Provence-Alpes-Côte d'Azur
96,GARCIA,Benjamin,benjamin.garcia@boite_96.com,0641357705,boite_96,Aéronautique,Ingénieur en informatique,1,1,0,1,0,0,15 RUE DE PALESTRO,75002,PARIS,75.0,Paris,Ile-de-France
97,THOMAS,Fabien,fabien.thomas@boite_97.com,0685351447,boite_97,Mecanique,Ingénieur d'étude,0,1,1,0,0,0,29 ROUTE DE PONTARLIER,25210,BONNETAGE,25.0,Doubs,Bourgogne-Franche-Comté
98,RODRIGUEZ,Valérie,valerie.rodriguez@boite_98.com,0665328222,boite_98,Mecanique,Ingénieur conception mécanique,0,0,1,0,0,1,15 BOULEVARD GORDON BENNETT,63100,CLERMONT FERRAND,63.0,Puy-de-Dôme,Auvergne-Rhône-Alpes
99,BERNARD,David,david.bernard@boite_99.com,0657015035,boite_99,Aéronautique,Ingénieur en informatique,1,1,0,1,0,0,11 RUE PASTEUR,02390,ORIGNY STE BENOITE,2.0,Aisne,Nord-Pas-de-Calais-Picardie
